record_id,store,source_type,item_no,name,spec,price,price_unit,list_price,discount,promo_end,period_from,period_to,evidence_sha256,evidence_image,note,note_ja,review_status
SM-R01,新三郷倉庫店,門市價牌,86171,ECOFLOW DELTA 3 2000 AIR,1920Wh,54800,件,,,,2026-09-12,2026-09-25,,,同商品另有68800價牌，日期未知不排漲跌,"同じ商品に68,800円の価格表示もあります。確認日が不明のため、値上げ・値下げとしては扱っていません。",待確認
SM-R04,新三郷倉庫店,門市價牌,51897,NESTLE DOLCE GUSTO GENIO S PLUS,タンク容量0.8L,7980,件,9980,2000,2026-09-13,2026-09-12,2026-09-25,,,,,已查核
SM-R05,新三郷倉庫店,門市價牌,42417,北海道 オーガニックミルク,1000ml×2本,197,件,,,,2026-09-12,2026-09-25,,,條件文字不清，列例外查核,価格表示の条件部分の文字が読み取れないため、確認中です。,待確認
SM-R06,新三郷倉庫店,門市價牌,13221,有機卵（オーガニック）,10個入り,888,件,,,,2026-09-12,2026-09-25,,,,,已查核
SM-R07,新三郷倉庫店,門市價牌,30813,ダノン オイコス ブルーベリー,113g×12,1368,件,,,,2026-09-12,2026-09-25,,,,,已查核
SM-R08,新三郷倉庫店,門市價牌,59735,ダノン オイコス プレーン・砂糖不使用,123g×12,1338,件,,,,2026-09-12,2026-09-25,,,,,已查核
SM-R09,新三郷倉庫店,門市價牌,59729,ダノン オイコス ストロベリー,113g×12,1368,件,,,,2026-09-12,2026-09-25,,,,,已查核
SM-R10,新三郷倉庫店,門市價牌,1358897,KIRKLAND SIGNATURE 電子レンジ用ポップコーン,44袋入り,2868,件,,,,2026-09-12,2026-09-25,,,,,已查核
SM-R11,新三郷倉庫店,門市價牌,79315,APPLE AIRPODS PRO 3,MFHP4J/A,35980,件,,,,2026-09-12,2026-09-25,,,,,已查核
SM-R12,新三郷倉庫店,門市價牌,84739,INSTA360 GO ULTRA BUNDLE,スペシャルバンドル,54780,件,,,,2026-09-12,2026-09-25,,,,,已查核
SM-R13,新三郷倉庫店,門市價牌,77410,INSTA360 X5 BUNDLE,予備バッテリー／レンズキャップ／自撮り棒付属,89780,件,,,,2026-09-12,2026-09-25,,,官網截圖為89800，差20円待核,"公式サイトの画面では89,800円で、20円の差を確認中です。",待確認
SM-R14,新三郷倉庫店,門市價牌,1313100,KIRKLAND SIGNATURE 大判厚手 おしりふき,100枚×9個；無香料,2998,件,,,,2026-09-12,2026-09-25,,,,,已查核
SM-R15,新三郷倉庫店,門市價牌,34914,レック ディズニー 水99% 手・口ふき,80枚×15個,1898,件,,,,2026-09-12,2026-09-25,,,,,已查核
SM-R16,新三郷倉庫店,門市價牌,1492255,RICO 赤ちゃん用おしりふき,100枚×9個；無香料,3398,件,,,,2026-09-12,2026-09-25,,,,,已查核
SM-R17,新三郷倉庫店,門市價牌,14110,レック 水99.9% おしりふき ふんわりプラス,70枚×15個,1598,件,,,,2026-09-12,2026-09-25,,,,,已查核
SM-R18,新三郷倉庫店,門市價牌,86171,ECOFLOW DELTA 3 2000 AIR,1920Wh,68800,件,,,,2026-09-12,2026-09-25,,,另有優惠牌68800減14000（8/17–8/30）,"別に「68,800円から14,000円引き（8/17–8/30）」の表示があります。",待確認
SM-W01,線上商店,網路截圖,77410,INSTA360 X5 BUNDLE,予備バッテリー／レンズキャップ／自撮り棒付属,89800,件,,,,2026-09-12,2026-09-25,852603eda7093221fe65aab4e93e1243c363708febcdc8c400b379c046c805da,evidence/SM-W01.jpg,通常配送料込み,通常配送料込み,已查核
SM-W02,線上商店,網路截圖,51897,NESTLE DOLCE GUSTO GENIO S PLUS,タンク容量0.8L,8380,件,10480,2100,2026-09-13,2026-09-12,2026-09-25,2c30badfa0e840d0a8717f371adb2fc74eb9eb1e46544985744823b298a396bc,evidence/SM-W02.jpg,割引期間 2026/08/31–2026/09/13,割引期間 2026/08/31–2026/09/13,已查核
F5-02,熊本御船倉庫店,門市價牌,88881,国産鶏 サドルパック むね肉,2.5kg,1598,件,,,,2026-09-12,2026-09-25,,,特別価格,特別価格,已查核
F5-03,熊本御船倉庫店,門市價牌,90057,カナダ産チルド豚肉 三元豚ロースしゃぶしゃぶ,,98,100g,,,,2026-09-12,2026-09-25,,,特別価格,特別価格,已查核
F5-04,熊本御船倉庫店,門市價牌,90232,シュリンプ アボカド ハイローラー,,238,100g,,,,2026-09-12,2026-09-25,,,,,已查核
F5-05,熊本御船倉庫店,門市價牌,94471,天然生秋鮭（白鮭）筋子 北海道産,,1770,100g,,,,2026-09-12,2026-09-25,,,,,已查核
F5-06a,熊本御船倉庫店,門市價牌,60399,森永乳業 アロエ＆ヨーグルト3倍大粒,140g×12,1278,件,1598,320,2026-09-27,2026-09-12,2026-09-25,,,,,已查核
F5-06b,熊本御船倉庫店,門市價牌,75892,清水物産 ミルクレープロールケーキ,1kg,1198,件,1498,300,2026-09-13,2026-09-12,2026-09-25,,,,,已查核
F5-08,熊本御船倉庫店,門市價牌,45572,揖保乃糸 冷やし中華,12食：胡麻だれ6・醤油だれ6,1538,件,1938,400,2026-09-13,2026-09-12,2026-09-25,,,,,已查核
F5-09,熊本御船倉庫店,門市價牌,73672,マルハニチロ まるずわいがに ほぐしみ,3缶セット,1297,件,1698,,,2026-09-12,2026-09-25,,,,,已查核
F5-10,熊本御船倉庫店,門市價牌,58863,理研 インドカレー屋の謎ドレッシング,1L,390,件,888,,,2026-09-12,2026-09-25,,,賞味期限間近の為,賞味期限間近の為,已查核
F5-11,浜松倉庫店,門市價牌,3227201,STAUB ラウンドココット,24cm；トリベット付,19980,件,,,,2026-09-12,2026-09-25,,,,,已查核
F5-12a,浜松倉庫店,門市價牌,54201,T-FAL 電気圧力鍋 ラクラ・クッカー,,9980,件,12980,3000,,2026-09-12,2026-09-25,,,型番・期限細字待確認,型番と割引期限の細かい文字を確認中です。,待確認
F5-12b,浜松倉庫店,門市價牌,58395,T-FAL インジニオ フライパンセット,,9980,件,10980,1000,,2026-09-12,2026-09-25,,,組数・型番・期限待確認,セット内容・型番・割引期限を確認中です。,待確認
F5-13,浜松倉庫店,門市價牌,75892,清水物産 ミルクレープロールケーキ,1kg,1038,件,1498,,,2026-09-12,2026-09-25,,,,,已查核
F5-17,浜松倉庫店,門市價牌,88491,ダノンビオ ご褒美フルーツセレクション,75g×4P×6,397,件,778,,,2026-09-12,2026-09-25,,,,,已查核
F5-18,浜松倉庫店,門市價牌,88491,ダノンビオ ご褒美フルーツセレクション,75g×4P×6,778,件,,,,2026-09-12,2026-09-25,,,,,已查核
F5-20,浜松倉庫店,門市價牌,82786,パンパースパンツL さらさらケアEX,9–14kg；180枚,4798,件,5598,800,2026-09-18,2026-09-12,2026-09-25,,,,,已查核
F5-21,川崎倉庫店,門市價牌,78929,青森県産 はれわたり,令和7年産；5kg,1898,件,,,,2026-09-12,2026-09-25,,,,,已查核
F5-22,川崎倉庫店,門市價牌,78929,青森県産 はれわたり,令和7年産；5kg,1898,件,,,,2026-09-12,2026-09-25,,,與F5-21疑似同次展示,別の写真と同じ売場を撮影したものの可能性があります。,待確認
F5-23,川崎倉庫店,門市價牌,93111,カスタードシュークリーム,6個入,998,件,1198,200,2026-09-13,2026-09-12,2026-09-25,,,,,已查核
F5-24,川崎倉庫店,門市價牌,94471,天然生秋鮭（白鮭）筋子 北海道産,,1290,100g,1810,,,2026-09-12,2026-09-25,,,,,已查核
F5-25,川崎倉庫店,門市價牌,90054,カナダ産チルド豚肉 三元豚ロースとんかつ,,98,100g,,,,2026-09-12,2026-09-25,,,特別価格,特別価格,已查核
F5-26,川崎倉庫店,門市價牌,90057,カナダ産チルド豚肉 三元豚ロースしゃぶしゃぶ,,98,100g,,,,2026-09-12,2026-09-25,,,特別価格,特別価格,已查核
F5-28,川崎倉庫店,門市價牌,,CJ 美酢 梨,800ml×2,858,件,1158,300,2026-09-20,2026-09-12,2026-09-25,,,商品號不在畫面內,商品番号が写っていません。,待確認
F5-29,川崎倉庫店,門市價牌,23571,日東紅茶 塩とライチ,60本,1188,件,1488,300,2026-09-13,2026-09-12,2026-09-25,,,,,已查核
F5-30,川崎倉庫店,門市價牌,79125,太新 おさかなナゲット,800g,1028,件,1288,260,2026-09-27,2026-09-12,2026-09-25,,,,,已查核
F5-31,新三郷倉庫店,門市價牌,73401,ECOFLOW DELTA3 1500 ポータブル電源,1536Wh,68000,件,,,,2026-09-12,2026-09-25,,,每戶限2,購入は2点まで。,已查核
F5-35,新三郷倉庫店,門市價牌,84552,コカ・コーラ 爽健美茶,600ml×24,1438,件,1798,360,2026-09-20,2026-09-12,2026-09-25,,,,,已查核
F5-40,新三郷倉庫店,門市價牌,586250,北海道プレミアムミルク 成分無調整 特選牛乳,1000ml×2,398,件,498,100,2026-09-18,2026-09-12,2026-09-25,,,,,已查核
F5-44,座間倉庫店,門市價牌,83520,RECOLTE フードプロセッサーコンボ,RCP-6-W,6298,件,7998,1700,2026-09-13,2026-09-12,2026-09-25,,,,,已查核
F5-46,座間倉庫店,門市價牌,94471,天然生秋鮭（白鮭）筋子 北海道産,,1770,100g,,,,2026-09-12,2026-09-25,,,,,已查核
F5-47,座間倉庫店,門市價牌,1492255,RICO 赤ちゃん用おしりふき,100枚×9個,3398,件,,,,2026-09-12,2026-09-25,,,,,已查核
F5-48a,座間倉庫店,門市價牌,76516,ドクターシーラボ アクアコラーゲンゲル エンリッチリフトEX,100g×2個,11998,件,,1500,2026-09-24,2026-09-12,2026-09-25,,,原價細字不確定,通常価格の細かい文字が読み取れません。,待確認
F5-48b,座間倉庫店,門市價牌,84603,サボリーノ 目ざまシートN,32枚×2個,1998,件,,,,2026-09-12,2026-09-25,,,,,已查核
F5-49,座間倉庫店,門市價牌,83200,AR FUM 衣類用柔軟剤,本体1L＋詰替え1L,1998,件,,,,2026-09-12,2026-09-25,,,影片截圖,動画から切り出した画像です。,已查核
CR-01,新三郷倉庫店,社群回報,,ペンドルトン クッション,,1998,件,2578,580,,2026-09-18,2026-09-18,,,原價 2578 円、折 580 円，共 3 種花色。,"通常2,578円・580円引き。3種類。",待確認
CR-02,新三郷倉庫店,社群回報,,玄米 30kg（千葉県産コシヒカリ 令和8年産）,30kg,9998,件,,,,2026-09-19,2026-09-21,,,多人回報約 9998 円；9/21 下午有人回報一度缺貨。,"複数人が約9,998円と報告。9/21午後に一時品切れとの報告あり。",待確認
CR-03,新三郷倉庫店,社群回報,94471,天然生秋鮭（白鮭）筋子 北海道産,,1580,100g,,,,2026-09-19,2026-09-20,,,2 人回報；店員表示之後可能漲價。9/18 有人回報約 1280 円。,"2人が報告。店員によると今後値上がりの可能性あり。9/18は約1,280円との報告も。",待確認
CR-04,新三郷倉庫店,社群回報,,タコチャンジャ,,1088,件,,,,2026-09-19,2026-09-19,,,回報為降價中，當天 17 點前售完。,値下げ中との報告。同日17時前に売り切れ。,待確認
CR-05,新三郷倉庫店,社群回報,,パイナップル,,648,件,,,,2026-09-20,2026-09-20,,,9/17 前後有人回報 500 円。,9/17頃は500円だったとの報告あり。,待確認
CR-06,浜松倉庫店,社群回報,,トイレットペーパー（30ロール）,30ロール,1918,件,,,,2026-09-19,2026-09-19,,,衛生紙特價期間（9/18–9/20）；當天限購數量一路調降。,特売期間（9/18〜9/20）。当日中に購入制限の個数が減っていったとの報告。,待確認
CR-07,浜松倉庫店,社群回報,,トイレットペーパー（30ロール）,30ロール,2398,件,,,,2026-09-21,2026-09-21,,,特價結束後回報的價格；回報者未確認是否同一規格。,特売終了後の報告価格。同じ規格かは報告者も未確認。,待確認
CR-08,浜松倉庫店,社群回報,,梨（大玉4個）,大玉4個,998,件,,,,2026-09-19,2026-09-19,,,,,待確認
CR-09,浜松倉庫店,社群回報,,大根,,198,件,,,,2026-09-20,2026-09-20,,,,,待確認
CR-10,熊本御船倉庫店,社群回報,,シルコット 99%除菌 ウェットティッシュ,18パック,1998,件,,,,2026-09-17,2026-09-17,,,酒精型。,アルコールタイプ。,待確認
CR-11,熊本御船倉庫店,社群回報,,オーガニックバナナ,,298,件,,,,2026-09-20,2026-09-20,,,同日一般香蕉回報 328 円。,同日の通常バナナは328円との報告。,待確認
CR-12,熊本御船倉庫店,社群回報,,バナナ,,328,件,,,,2026-09-20,2026-09-20,,,,,待確認
CR-13,熊本御船倉庫店,社群回報,,UCC ポーションコーヒー,,1548,件,,,,2026-09-24,2026-09-24,,,規格未回報。,規格は報告なし。,待確認
CR-14,座間倉庫店,社群回報,,花王 ホワイト 石鹸,,958,件,1158,200,,2026-09-19,2026-09-19,,,非廣告商品的店內折扣。,広告外の値引き。,待確認
CR-15,座間倉庫店,社群回報,,ロート 日焼け止め（2パック）,2パック,888,件,1398,510,,2026-09-19,2026-09-19,,,非廣告商品的店內折扣。,広告外の値引き。,待確認
CR-16,座間倉庫店,社群回報,,オーガニックバナナ,,298,件,,,,2026-09-23,2026-09-23,,,同日一般香蕉回報 278 円。,同日の通常バナナは278円との報告。,待確認
CR-17,座間倉庫店,社群回報,,バナナ,,278,件,,,,2026-09-23,2026-09-23,,,,,待確認
CR-18,座間倉庫店,社群回報,,三元豚 切り落とし,,79,100g,,,,2026-09-25,2026-09-25,,,當天售完，店員說暫時缺貨。,当日売り切れ。当面入荷未定と店員が説明。,待確認
CR-19,川崎倉庫店,社群回報,,箱ティッシュ,,938,件,,,,2026-09-20,2026-09-20,,,回報者不確定是否為舒潔（Kleenex）。,クリネックスかどうかは報告者も未確認。,待確認
CR-20,川崎倉庫店,社群回報,,お米 富山県産コシヒカリ,,2098,件,,,,2026-09-23,2026-09-23,,,容量未回報。,容量は報告なし。,待確認
CR-21,川崎倉庫店,社群回報,94471,天然生秋鮭（白鮭）筋子 北海道産,,2040,100g,,,,2026-09-24,2026-09-24,,,回報原文寫「/g」，推測為每 100g。,報告では「/g」表記。100gあたりと推定。,待確認
CR-22,川崎倉庫店,社群回報,,バナナ,,299,件,,,,2026-09-24,2026-09-24,,,回報者表示是大約價格。,報告者によると「くらい」の概算。,待確認
CR-23,川崎倉庫店,社群回報,,牛乳,,428,件,,,,2026-09-25,2026-09-25,,,一般牛乳，規格未回報。,普通の牛乳。規格は報告なし。,待確認
ON-13221-20260926,線上商店,官網自動取得,13221,有機卵（オーガニック）,,880,件,,,,2026-09-26,2026-09-26,,,,,已查核
ON-14110-20260926,線上商店,官網自動取得,14110,レック 水99.9% おしりふき ふんわりプラス,,1188,件,1518,330,2026-09-27,2026-09-26,2026-09-26,,,,,已查核
ON-23571-20260926,線上商店,官網自動取得,23571,日東紅茶 塩とライチ,,1018,件,1358,340,2026-09-27,2026-09-26,2026-09-26,,,,,已查核
ON-30813-20260926,線上商店,官網自動取得,30813,ダノン オイコス ブルーベリー,,1198,件,,,,2026-09-26,2026-09-26,,,,,已查核
ON-34914-20260926,線上商店,官網自動取得,34914,レック ディズニー 水99% 手・口ふき,,1998,件,,,,2026-09-26,2026-09-26,,,,,已查核
ON-42417-20260926,線上商店,官網自動取得,42417,北海道 オーガニックミルク,,548,件,,,,2026-09-26,2026-09-26,,,,,已查核
ON-45572-20260926,線上商店,官網自動取得,45572,揖保乃糸 冷やし中華,,2559,件,,,,2026-09-26,2026-09-26,,,,,已查核
ON-51897-20260926,線上商店,官網自動取得,51897,NESTLE DOLCE GUSTO GENIO S PLUS,,10480,件,,,,2026-09-26,2026-09-26,,,,,已查核
ON-54201-20260926,線上商店,官網自動取得,54201,T-FAL 電気圧力鍋 ラクラ・クッカー,,7780,件,10780,3000,2026-09-27,2026-09-26,2026-09-26,,,,,已查核
ON-58395-20260926,線上商店,官網自動取得,58395,T-FAL インジニオ フライパンセット,,8400,件,9990,1590,2026-09-30,2026-09-26,2026-09-26,,,,,已查核
ON-58863-20260926,線上商店,官網自動取得,58863,理研 インドカレー屋の謎ドレッシング,,1148,件,,,,2026-09-26,2026-09-26,,,,,已查核
ON-59729-20260926,線上商店,官網自動取得,59729,ダノン オイコス ストロベリー,,1298,件,,,,2026-09-26,2026-09-26,,,,,已查核
ON-59735-20260926,線上商店,官網自動取得,59735,ダノン オイコス プレーン・砂糖不使用,,1268,件,,,,2026-09-26,2026-09-26,,,,,已查核
ON-60399-20260926,線上商店,官網自動取得,60399,森永乳業 アロエ＆ヨーグルト3倍大粒,,1398,件,,,,2026-09-26,2026-09-26,,,,,已查核
ON-75892-20260926,線上商店,官網自動取得,75892,清水物産 ミルクレープロールケーキ,,1398,件,,,,2026-09-26,2026-09-26,,,,,已查核
ON-76516-20260926,線上商店,官網自動取得,76516,ドクターシーラボ アクアコラーゲンゲル エンリッチリフトEX,,13798,件,,,,2026-09-26,2026-09-26,,,,,已查核
ON-77410-20260926,線上商店,官網自動取得,77410,INSTA360 X5 BUNDLE,,89800,件,,,,2026-09-26,2026-09-26,,,有多個規格，記錄最低價,複数の仕様があるため最安値を記録,已查核
ON-78929-20260926,線上商店,官網自動取得,78929,青森県産 はれわたり,,2580,件,,,,2026-09-26,2026-09-26,,,,,已查核
ON-79315-20260926,線上商店,官網自動取得,79315,APPLE AIRPODS PRO 3,,35980,件,,,,2026-09-26,2026-09-26,,,,,已查核
ON-82786-20260926,線上商店,官網自動取得,82786,パンパースパンツL さらさらケアEX,,6498,件,,,,2026-09-26,2026-09-26,,,,,已查核
ON-83200-20260926,線上商店,官網自動取得,83200,AR FUM 衣類用柔軟剤,,2758,件,,,,2026-09-26,2026-09-26,,,,,已查核
ON-83520-20260926,線上商店,官網自動取得,83520,RECOLTE フードプロセッサーコンボ,,8498,件,,,,2026-09-26,2026-09-26,,,,,已查核
ON-84552-20260926,線上商店,官網自動取得,84552,コカ・コーラ 爽健美茶,,2058,件,,,,2026-09-26,2026-09-26,,,,,已查核
ON-84603-20260926,線上商店,官網自動取得,84603,サボリーノ 目ざまシートN,,2280,件,,,,2026-09-26,2026-09-26,,,,,已查核
ON-84739-20260926,線上商店,官網自動取得,84739,INSTA360 GO ULTRA BUNDLE,,61800,件,,,,2026-09-26,2026-09-26,,,有多個規格，記錄最低價,複数の仕様があるため最安値を記録,已查核
ON-88491-20260926,線上商店,官網自動取得,88491,ダノンビオ ご褒美フルーツセレクション,,778,件,,,,2026-09-26,2026-09-26,,,,,已查核
ON-90054-20260926,線上商店,官網自動取得,90054,カナダ産チルド豚肉 三元豚ロースとんかつ,,949,件,,,,2026-09-26,2026-09-26,,,,,已查核
ON-586250-20260926,線上商店,官網自動取得,586250,北海道プレミアムミルク 成分無調整 特選牛乳,,480,件,,,,2026-09-26,2026-09-26,,,,,已查核
ON-1313100-20260926,線上商店,官網自動取得,1313100,KIRKLAND SIGNATURE 大判厚手 おしりふき,,3298,件,,,,2026-09-26,2026-09-26,,,,,已查核
ON-1358897-20260926,線上商店,官網自動取得,1358897,KIRKLAND SIGNATURE 電子レンジ用ポップコーン,,3588,件,,,,2026-09-26,2026-09-26,,,,,已查核
ON-1492255-20260926,線上商店,官網自動取得,1492255,RICO 赤ちゃん用おしりふき,,3598,件,,,,2026-09-26,2026-09-26,,,,,已查核
ON-3227201-20260926,線上商店,官網自動取得,3227201,STAUB ラウンドココット,,17980,件,19980,2000,2026-09-26,2026-09-26,2026-09-26,,,有多個規格，記錄最低價,複数の仕様があるため最安値を記録,已查核
