item_no,verdict,store_name,official_name,reason,checked
43392,different_product,CJ bibigo チヂミの素,ビビゴ ビビンバの素 2人前 x 4パック,官網是拌飯醬，店頭是煎餅粉,2026-09-27 人工比對
45240,different_product,千房 お好み焼き とんぺい焼き,千年屋 おいしいドーナツ 20個入り,官網同番號是甜甜圈,2026-09-27 人工比對
54174,different_product,サクラ 水彩色鉛筆,サクラクレパス マット水彩絵の具 15色セット,官網是水彩顏料，店頭是水彩色鉛筆,2026-09-27 人工比對
58492,different_product,水出しアイスティー アソート,キングクリスタル ビールグラス 4個セット,官網同番號是啤酒杯,2026-09-27 人工比對
63070,spec_diff,関口醸造 つけやき,関口醸造 お醤油屋さんのつけやきせんべい 85枚入り,店頭 58枚，官網 85枚,2026-09-27 人工比對
66517,spec_diff,KOWA キャラクター入れるフロアクッション,興和 キャラクター 入れるフロアクッション 85cm x 85cm x 14cm,店頭 95cm，官網 85cm,2026-09-27 人工比對
69116,spec_diff,ビールジョッキ,ロイヤルレアダム ARTISAN ビールジョッキ 490ml 6個,店頭 2 個，官網 6 個,2026-09-27 人工比對
70448,different_product,SURF AND TURF KITCHEN のり天,Scoop Away 猫砂 微香タイプ コンプリートパフォーマンス＋ 19kg(4.76kg×4),官網同番號是貓砂,2026-09-27 人工比對
71623,different_product,ビーフジャーキー ビルトン,マリアーニ プルコギビーフジャーキー 255g,官網是另一品牌的牛肉乾,2026-09-27 人工比對
72690,different_product,グレープフルーツ,メゾンジョセフドルーアン ブルゴーニュ アリゴテ 750ml,官網同番號是葡萄酒,2026-09-27 人工比對
73099,different_product,パンプキンパーティー,ヴィットリア ネスプレッソ互換カプセル コロンビア 60カプセル入,官網同番號是咖啡膠囊,2026-09-27 人工比對
74005,different_product,JACK LINK'S ビーフジャーキー,ジャックリンクス チキン スティック オリジナル 10袋 x 30g,官網是雞肉棒，店頭是牛肉乾,2026-09-27 人工比對
74006,different_product,JACK LINK'S スモークビーフスティック,ジャックリンクス チキン スティック スモーキーBBQ味 10袋 x 30g,官網是雞肉棒，店頭是牛肉棒,2026-09-27 人工比對
74007,different_product,JACK LINK'S ハラペーニョビーフジャーキー,ジャックリンクス チキン スティック ハラペーニョ味 10袋 x 30g,官網是雞肉棒，店頭是牛肉乾,2026-09-27 人工比對
74470,different_product,STAUB セラミックボウル,WISSOTZKY 紅茶＆ハーブティーセット 120包 木箱入り,官網同番號是茶包組,2026-09-27 人工比對
75443,different_product,BURT'S BEES キューティクルクリーム,台湾茶2種セット 40包ｘ2種,官網同番號是台灣茶,2026-09-27 人工比對
78844,different_product,DISNEY ボード,キッズキャンピングセット テント 寝袋入り,官網同番號是露營帳篷,2026-09-27 人工比對
79310,different_product,RED BULL,HOT 6 エナジードリンク オリジナル 250ml x 30缶,官網是 HOT 6 能量飲料，不是 Red Bull,2026-09-27 人工比對
79333,spec_diff,SAVAS MUSCLE FIT PROTEIN,ザバス マッスルエリート ココア味 2100g,店頭 2200g，官網 2100g,2026-09-27 人工比對
81676,spec_diff,フレア 柔軟剤 アーバンフローラル,ハミングフレア アーバンフローラル 衣料用柔軟剤 詰替 2800ml,店頭 2580ml，官網 2800ml,2026-09-27 人工比對
82921,different_product,レモンバターパウンドケーキ,ヨーロッパスタイル ハードロールパン 4個,官網同番號是麵包,2026-09-27 人工比對
83200,spec_diff,AR FUM 衣類用柔軟剤,arFUM アフューム プレミアム柔軟剤 ジンジャーフラワー 衣料用柔軟剤 ジンジャーフラワーの香り 本体1L + 替1.7 L,店頭 本體1L＋詰替1L，官網 本體1L＋詰替1.7L,2026-09-27 人工比對
83620,spec_diff,ぬいぐるみ,mofusand 大きなぬいぐるみ,不確定：店頭名稱只有 ぬいぐるみ,2026-09-27 人工比對
83665,different_product,ぬいぐるみ,ウィルキンソン タンサン ラベルレス 500ml x 24,官網同番號是氣泡水,2026-09-27 人工比對
84823,different_product,UHA味覚糖 おさつどきっ,JINNY PICK 韓国のりチップス & えびせん 各5袋 10袋パック,官網同番號是海苔脆片,2026-09-27 人工比對
85799,spec_diff,讃岐うどん,川田製麺 讃岐ざるうどん 400g x 4,店頭 400g×6，官網 400g×4,2026-09-27 人工比對
86830,spec_diff,HEINZ 冷たいスープアソート,大人むけのスープ 冷たいコーンポタージュ 6袋 / ヴィシソワーズ 6袋,不確定：店頭 HEINZ 冷たいスープ 6袋，官網 6袋＋6袋,2026-09-27 人工比對
88043,different_product,ビニール傘,Michelin 285/45R20 112H XL X-ICE SNOW+,官網同番號是輪胎,2026-09-27 人工比對
88718,spec_diff,DOWNY ランドリー ビーズ,レノア アロマジュエル HOTEL お洗濯の香り付けビーズ ホワイトムスクの香り 本体 1860ml,不確定：店頭 DOWNY 香り付けビーズ，官網 レノア アロマジュエル，可能同系列,2026-09-27 人工比對
88901,different_product,ペティオ 振りキレキャット ねこじゃらし,にゃんじゃらし 猫ちゃんセレクション ロング 2種 x ショート 2種,官網是另一款逗貓棒,2026-09-27 人工比對
89997,different_product,塩分チャージタブレッツ,UHA 塩分レスキュータブレット 940g,官網是另一款鹽分錠,2026-09-27 人工比對
90711,spec_diff,キャンベル クラムチャウダー,キャンベル クラムチャウダー 1360g,店頭 1.36kg×2，官網 1360g,2026-09-27 人工比對
583841,different_product,ミツカン 黒酢,内堀醸造 臨醐山黒酢 900ml,官網是另一品牌的黒酢,2026-09-27 人工比對
822162,spec_diff,山本漢方 オーガニック大麦若葉,国産 無添加 100% オーガニック 青汁 3g x 162包入 ＜山本漢方製薬＞,店頭 176包，官網 162包,2026-09-27 人工比對
1022330,different_product,DURACELL アルカリ乾電池 単3,デュラセル　ウルトラ単4電池　20本,官網是 4 號電池，店頭是 3 號,2026-09-27 人工比對
1929757,spec_diff,FUGGLERS フィギュア,ファグラー キーホルダー 12個 セット,不確定：店頭フィギュア，官網キーホルダー,2026-09-27 人工比對
7771990,spec_diff,KIRKLAND SIGNATURE,カークランドシグネチャー ユニセックス コストコロゴ クルーネック スウェットシャツ,不確定：店頭名稱只有 KIRKLAND SIGNATURE,2026-09-27 人工比對
