item_no,category,confidence,basis,checked
1114,pantry,high,name,2026-09-29
7878,dairy,high,name,2026-09-29
10185,sweets,high,name,2026-09-29
10654,deli,high,name,2026-09-29
11605,other,low,name,2026-09-29
11611,pantry,low,name,2026-09-29
12974,drinks,high,name,2026-09-29
13221,dairy,high,name,2026-09-29
13364,pantry,high,name,2026-09-29
14110,baby,high,name,2026-09-29
14280,pantry,high,name,2026-09-29
14575,drinks,high,name,2026-09-29
15087,produce,high,name,2026-09-29
15822,sweets,high,name,2026-09-29
15827,alcohol,high,name,2026-09-29
15828,drinks,high,name,2026-09-29
16371,kitchen,high,name,2026-09-29
17002,health,high,name,2026-09-29
17407,dairy,high,name,2026-09-29
18619,health,high,name,2026-09-29
19673,produce,high,name,2026-09-29
19674,produce,high,name,2026-09-29
22452,kitchen,high,name,2026-09-29
23010,alcohol,high,name,2026-09-29
23456,pantry,high,name,2026-09-29
23510,produce,high,name,2026-09-29
23571,drinks,high,name,2026-09-29
26274,produce,high,name,2026-09-29
27043,health,high,name,2026-09-29
28137,cleaning,high,name,2026-09-29
28193,apparel,high,name,2026-09-29
28668,health,high,name,2026-09-29
30005,pantry,high,name,2026-09-29
30506,dairy,high,name,2026-09-29
30669,produce,high,name,2026-09-29
30804,pantry,high,name,2026-09-29
30813,dairy,high,name,2026-09-29
31679,snacks,high,name,2026-09-29
32748,health,high,name,2026-09-29
34295,seafood,high,name,2026-09-29
34914,baby,high,name,2026-09-29
36700,appliances,low,name,2026-09-29
37519,drinks,high,name,2026-09-29
38057,sweets,high,name,2026-09-29
38379,appliances,high,name,2026-09-29
38700,appliances,high,name,2026-09-29
39193,appliances,high,name,2026-09-29
39596,pantry,high,name,2026-09-29
40375,health,high,name,2026-09-29
42360,outdoor,high,name,2026-09-29
42417,dairy,high,name,2026-09-29
43392,pantry,high,name,2026-09-29
45240,sweets,high,name,2026-09-29
45486,health,high,name,2026-09-29
45572,pantry,high,name,2026-09-29
46618,cleaning,low,name,2026-09-29
47255,health,high,name,2026-09-29
47265,health,high,name,2026-09-29
47558,produce,high,name,2026-09-29
48473,alcohol,high,name,2026-09-29
48750,dairy,high,name,2026-09-29
48992,appliances,high,name,2026-09-29
49590,appliances,high,name,2026-09-29
49881,apparel,high,name,2026-09-29
50008,pantry,low,name,2026-09-29
51059,produce,high,name,2026-09-29
51319,health,high,name,2026-09-29
51897,appliances,high,name,2026-09-29
51982,health,high,name,2026-09-29
52309,produce,high,name,2026-09-29
53845,produce,high,name,2026-09-29
54174,toys,high,name,2026-09-29
54201,appliances,high,name,2026-09-29
54212,frozen,high,name,2026-09-29
54289,dairy,high,name,2026-09-29
54313,bakery,high,name,2026-09-29
54406,snacks,high,name,2026-09-29
54611,drinks,high,name,2026-09-29
54924,meat,high,name,2026-09-29
55163,meat,high,name,2026-09-29
55165,produce,high,name,2026-09-29
55377,alcohol,high,name,2026-09-29
55684,appliances,high,name,2026-09-29
56367,health,high,name,2026-09-29
57361,other,low,name,2026-09-29
57519,pantry,high,name,2026-09-29
57542,baby,high,name,2026-09-29
57543,baby,high,name,2026-09-29
57554,produce,high,name,2026-09-29
58058,health,high,name,2026-09-29
58120,outdoor,high,name,2026-09-29
58359,pantry,high,name,2026-09-29
58395,kitchen,high,name,2026-09-29
58407,appliances,high,name,2026-09-29
58482,drinks,high,name,2026-09-29
58581,health,high,name,2026-09-29
58863,pantry,high,name,2026-09-29
59320,health,high,name,2026-09-29
59542,frozen,low,name,2026-09-29
59729,dairy,high,name,2026-09-29
59733,dairy,high,name,2026-09-29
59735,dairy,high,name,2026-09-29
60251,appliances,high,name,2026-09-29
60399,dairy,high,name,2026-09-29
60854,seafood,high,name,2026-09-29
60934,meat,high,name,2026-09-29
60987,pantry,low,name,2026-09-29
61032,snacks,high,name,2026-09-29
61308,drinks,high,name,2026-09-29
62299,cleaning,high,name,2026-09-29
62818,deli,low,name,2026-09-29
63000,apparel,high,name,2026-09-29
63070,snacks,high,name,2026-09-29
63209,snacks,high,name,2026-09-29
63892,snacks,high,name,2026-09-29
64334,snacks,high,name,2026-09-29
64505,kitchen,high,name,2026-09-29
64631,health,low,name,2026-09-29
64775,apparel,high,name,2026-09-29
64840,drinks,high,name,2026-09-29
64954,appliances,high,name,2026-09-29
65058,pantry,high,name,2026-09-29
65097,pantry,high,name,2026-09-29
65216,baby,high,name,2026-09-29
65639,furniture,high,name,2026-09-29
65836,pantry,high,name,2026-09-29
65997,pantry,high,name,2026-09-29
66080,health,high,name,2026-09-29
66213,snacks,high,name,2026-09-29
66517,furniture,high,name,2026-09-29
66621,appliances,high,name,2026-09-29
66734,deli,low,name,2026-09-29
66926,health,high,name,2026-09-29
67490,baby,high,name,2026-09-29
67491,baby,high,name,2026-09-29
67492,baby,high,name,2026-09-29
67523,produce,high,name,2026-09-29
67869,dairy,high,name,2026-09-29
67870,produce,high,name,2026-09-29
67892,sweets,high,name,2026-09-29
68684,frozen,low,name,2026-09-29
68836,drinks,high,name,2026-09-29
68900,sweets,high,name,2026-09-29
69116,kitchen,high,name,2026-09-29
69189,health,high,name,2026-09-29
69707,other,low,name,2026-09-29
69709,kitchen,high,name,2026-09-29
70162,pantry,high,name,2026-09-29
70448,pet,high,name,2026-09-29
70464,outdoor,high,name,2026-09-29
70692,kitchen,high,name,2026-09-29
70858,appliances,high,name,2026-09-29
70876,seafood,high,name,2026-09-29
70943,produce,high,name,2026-09-29
70977,health,high,name,2026-09-29
71392,health,high,name,2026-09-29
71623,snacks,high,name,2026-09-29
71647,appliances,high,name,2026-09-29
71668,appliances,high,name,2026-09-29
72253,health,high,name,2026-09-29
72440,cleaning,high,name,2026-09-29
72719,furniture,high,name,2026-09-29
73121,pantry,high,name,2026-09-29
73226,furniture,high,name,2026-09-29
73293,appliances,high,name,2026-09-29
73342,pantry,high,name,2026-09-29
73379,pantry,high,name,2026-09-29
73382,dairy,high,name,2026-09-29
73401,appliances,high,name,2026-09-29
73592,produce,high,name,2026-09-29
73672,pantry,high,name,2026-09-29
73889,snacks,high,name,2026-09-29
74005,snacks,low,name,2026-09-29
74006,snacks,low,name,2026-09-29
74007,snacks,low,name,2026-09-29
74158,drinks,high,name,2026-09-29
74169,produce,high,name,2026-09-29
74470,drinks,high,name,2026-09-29
74496,drinks,high,name,2026-09-29
74736,kitchen,high,name,2026-09-29
75442,health,high,name,2026-09-29
75658,deli,low,name,2026-09-29
75703,sweets,high,name,2026-09-29
75828,drinks,high,name,2026-09-29
75892,sweets,high,name,2026-09-29
76323,appliances,high,name,2026-09-29
76433,health,high,name,2026-09-29
76493,health,high,name,2026-09-29
76516,health,high,name,2026-09-29
76522,cleaning,high,name,2026-09-29
76575,health,high,name,2026-09-29
76622,health,high,name,2026-09-29
76910,appliances,high,name,2026-09-29
76920,other,high,name,2026-09-29
77295,appliances,high,name,2026-09-29
77410,appliances,high,name,2026-09-29
77430,drinks,high,name,2026-09-29
77565,frozen,high,name,2026-09-29
77578,cleaning,high,name,2026-09-29
77765,drinks,high,name,2026-09-29
77914,sweets,high,name,2026-09-29
77954,health,high,name,2026-09-29
78118,appliances,high,name,2026-09-29
78147,apparel,high,name,2026-09-29
78510,apparel,high,name,2026-09-29
78514,drinks,high,name,2026-09-29
78605,dairy,high,name,2026-09-29
78621,apparel,high,name,2026-09-29
78624,frozen,high,name,2026-09-29
78764,apparel,high,name,2026-09-29
78844,outdoor,high,name,2026-09-29
78877,cleaning,high,name,2026-09-29
78891,baby,high,name,2026-09-29
78929,pantry,high,name,2026-09-29
78943,sweets,high,name,2026-09-29
79125,frozen,low,name,2026-09-29
79310,drinks,high,name,2026-09-29
79315,appliances,high,name,2026-09-29
79333,health,high,name,2026-09-29
79660,health,high,name,2026-09-29
79675,health,high,name,2026-09-29
79682,appliances,high,name,2026-09-29
79827,frozen,low,name,2026-09-29
80010,snacks,high,name,2026-09-29
80200,cleaning,high,name,2026-09-29
80482,snacks,high,name,2026-09-29
80552,cleaning,high,name,2026-09-29
80953,seafood,high,name,2026-09-29
81144,toys,high,name,2026-09-29
81159,toys,high,name,2026-09-29
81368,health,high,name,2026-09-29
81375,dairy,high,name,2026-09-29
81676,cleaning,high,name,2026-09-29
81762,furniture,high,name,2026-09-29
81827,dairy,high,name,2026-09-29
81828,drinks,high,name,2026-09-29
81938,outdoor,high,name,2026-09-29
81987,outdoor,high,name,2026-09-29
82071,produce,high,name,2026-09-29
82077,produce,high,name,2026-09-29
82245,dairy,high,name,2026-09-29
82287,snacks,low,name,2026-09-29
82313,health,high,name,2026-09-29
82374,health,low,name,2026-09-29
82461,kitchen,low,name,2026-09-29
82530,apparel,high,name,2026-09-29
82671,apparel,high,name,2026-09-29
82769,apparel,low,name,2026-09-29
82786,baby,high,name,2026-09-29
82850,pantry,high,name,2026-09-29
82855,apparel,high,name,2026-09-29
82916,kitchen,high,name,2026-09-29
82921,bakery,high,name,2026-09-29
83053,toys,high,name,2026-09-29
83116,pantry,high,name,2026-09-29
83200,cleaning,high,name,2026-09-29
83428,sweets,high,name,2026-09-29
83493,pantry,high,name,2026-09-29
83520,appliances,high,name,2026-09-29
83620,toys,high,name,2026-09-29
83644,furniture,high,name,2026-09-29
83661,drinks,high,name,2026-09-29
83702,appliances,high,name,2026-09-29
83710,appliances,high,name,2026-09-29
83784,drinks,high,name,2026-09-29
84166,appliances,high,name,2026-09-29
84260,deli,low,name,2026-09-29
84266,appliances,high,name,2026-09-29
84318,furniture,high,name,2026-09-29
84469,appliances,high,name,2026-09-29
84470,snacks,high,name,2026-09-29
84472,snacks,high,name,2026-09-29
84500,cleaning,high,name,2026-09-29
84505,appliances,high,name,2026-09-29
84552,drinks,high,name,2026-09-29
84553,apparel,high,name,2026-09-29
84603,health,high,name,2026-09-29
84625,health,high,name,2026-09-29
84722,furniture,high,name,2026-09-29
84739,appliances,high,name,2026-09-29
84779,cleaning,high,name,2026-09-29
84822,snacks,high,name,2026-09-29
84823,snacks,high,name,2026-09-29
84827,snacks,high,name,2026-09-29
84883,pantry,high,name,2026-09-29
84957,dairy,high,name,2026-09-29
85081,health,low,name,2026-09-29
85113,appliances,high,name,2026-09-29
85799,pantry,high,name,2026-09-29
85820,appliances,high,name,2026-09-29
85857,appliances,high,name,2026-09-29
86026,meat,high,name,2026-09-29
86130,furniture,high,name,2026-09-29
86146,appliances,high,name,2026-09-29
86171,appliances,high,name,2026-09-29
86173,deli,low,name,2026-09-29
86194,kitchen,high,name,2026-09-29
86201,cleaning,high,name,2026-09-29
86230,health,high,name,2026-09-29
86231,deli,high,name,2026-09-29
86260,bakery,high,name,2026-09-29
86262,seafood,high,name,2026-09-29
86359,seafood,high,name,2026-09-29
86367,pantry,high,name,2026-09-29
86452,appliances,high,name,2026-09-29
86538,baby,high,name,2026-09-29
86613,meat,high,name,2026-09-29
86705,cleaning,high,name,2026-09-29
86816,meat,high,name,2026-09-29
86830,pantry,high,name,2026-09-29
87116,outdoor,high,name,2026-09-29
87122,health,high,name,2026-09-29
87141,frozen,low,name,2026-09-29
87228,drinks,high,name,2026-09-29
87265,health,high,name,2026-09-29
87307,appliances,high,name,2026-09-29
87361,toys,high,name,2026-09-29
87379,dairy,low,name,2026-09-29
87485,meat,high,name,2026-09-29
87909,health,low,name,2026-09-29
87911,health,low,name,2026-09-29
88079,meat,high,name,2026-09-29
88104,drinks,high,name,2026-09-29
88116,deli,low,name,2026-09-29
88161,outdoor,high,name,2026-09-29
88184,snacks,high,name,2026-09-29
88188,appliances,high,name,2026-09-29
88202,toys,high,name,2026-09-29
88265,kitchen,high,name,2026-09-29
88273,kitchen,high,name,2026-09-29
88305,cleaning,high,name,2026-09-29
88348,produce,high,name,2026-09-29
88417,pantry,high,name,2026-09-29
88476,pantry,high,name,2026-09-29
88491,dairy,high,name,2026-09-29
88524,snacks,high,name,2026-09-29
88549,seafood,low,name,2026-09-29
88554,seafood,high,name,2026-09-29
88555,seafood,high,name,2026-09-29
88692,appliances,high,name,2026-09-29
88718,cleaning,high,name,2026-09-29
88726,snacks,high,name,2026-09-29
88786,pet,high,name,2026-09-29
88815,toys,high,name,2026-09-29
88820,pantry,high,name,2026-09-29
88853,produce,high,name,2026-09-29
88854,produce,high,name,2026-09-29
88864,toys,high,name,2026-09-29
88880,meat,high,name,2026-09-29
88881,meat,high,name,2026-09-29
88897,deli,high,name,2026-09-29
88901,pet,high,name,2026-09-29
88937,dairy,high,name,2026-09-29
88962,pantry,high,name,2026-09-29
89035,snacks,high,name,2026-09-29
89043,outdoor,high,name,2026-09-29
89081,appliances,high,name,2026-09-29
89082,appliances,high,name,2026-09-29
89192,snacks,high,name,2026-09-29
89269,drinks,high,name,2026-09-29
89331,health,low,name,2026-09-29
89637,appliances,high,name,2026-09-29
89639,appliances,high,name,2026-09-29
89680,health,high,name,2026-09-29
89838,seafood,low,name,2026-09-29
89997,snacks,high,name,2026-09-29
90054,meat,high,name,2026-09-29
90057,meat,high,name,2026-09-29
90160,deli,high,name,2026-09-29
90198,deli,high,name,2026-09-29
90232,deli,high,name,2026-09-29
90240,deli,high,name,2026-09-29
90242,deli,high,name,2026-09-29
90252,sweets,high,name,2026-09-29
90256,drinks,high,name,2026-09-29
90380,snacks,high,name,2026-09-29
90467,deli,low,name,2026-09-29
90540,deli,high,name,2026-09-29
90571,deli,high,name,2026-09-29
90697,snacks,high,name,2026-09-29
90711,pantry,high,name,2026-09-29
91248,pantry,high,name,2026-09-29
91270,toys,high,name,2026-09-29
91285,outdoor,high,name,2026-09-29
91388,snacks,high,name,2026-09-29
91389,snacks,high,name,2026-09-29
91567,other,low,name,2026-09-29
91569,pantry,high,name,2026-09-29
91873,bakery,high,name,2026-09-29
91976,sweets,high,name,2026-09-29
91997,meat,high,name,2026-09-29
92015,deli,low,name,2026-09-29
92022,sweets,high,name,2026-09-29
92048,snacks,high,name,2026-09-29
92066,appliances,high,name,2026-09-29
92840,produce,high,name,2026-09-29
93111,sweets,high,name,2026-09-29
93512,sweets,high,name,2026-09-29
93520,sweets,high,name,2026-09-29
93588,bakery,high,name,2026-09-29
93675,sweets,high,name,2026-09-29
93764,bakery,high,name,2026-09-29
93933,bakery,high,name,2026-09-29
94024,seafood,high,name,2026-09-29
94135,seafood,high,name,2026-09-29
94142,seafood,high,name,2026-09-29
94204,seafood,high,name,2026-09-29
94464,seafood,high,name,2026-09-29
94471,seafood,high,name,2026-09-29
94490,seafood,high,name,2026-09-29
94574,seafood,high,name,2026-09-29
94693,seafood,high,name,2026-09-29
95120,seafood,high,name,2026-09-29
95122,seafood,high,name,2026-09-29
95183,seafood,high,name,2026-09-29
95288,seafood,high,name,2026-09-29
95345,seafood,high,name,2026-09-29
95465,seafood,high,name,2026-09-29
95511,seafood,high,name,2026-09-29
96069,deli,high,name,2026-09-29
96169,deli,high,name,2026-09-29
96864,deli,high,name,2026-09-29
97427,seafood,high,name,2026-09-29
97428,seafood,high,name,2026-09-29
97443,seafood,high,name,2026-09-29
97450,seafood,high,name,2026-09-29
97467,other,low,name,2026-09-29
97469,deli,low,name,2026-09-29
97976,other,low,name,2026-09-29
98725,meat,high,name,2026-09-29
99559,meat,high,name,2026-09-29
101279,drinks,high,name,2026-09-29
108121,drinks,high,name,2026-09-29
109764,produce,high,name,2026-09-29
123588,produce,high,name,2026-09-29
186996,outdoor,high,name,2026-09-29
206609,pantry,high,name,2026-09-29
321089,apparel,high,name,2026-09-29
350086,cleaning,high,name,2026-09-29
403129,pantry,high,name,2026-09-29
502957,snacks,high,name,2026-09-29
533555,alcohol,high,name,2026-09-29
542906,pantry,high,name,2026-09-29
550001,produce,high,name,2026-09-29
550004,produce,high,name,2026-09-29
550010,produce,high,name,2026-09-29
550035,produce,high,name,2026-09-29
550062,produce,high,name,2026-09-29
550164,produce,high,name,2026-09-29
550350,produce,high,name,2026-09-29
550357,produce,high,name,2026-09-29
550382,produce,high,name,2026-09-29
550410,produce,high,name,2026-09-29
550440,produce,high,name,2026-09-29
550555,outdoor,high,name,2026-09-29
550868,produce,high,name,2026-09-29
551108,produce,high,name,2026-09-29
551130,produce,high,name,2026-09-29
552000,produce,high,name,2026-09-29
553363,dairy,low,name,2026-09-29
561451,produce,high,name,2026-09-29
561481,produce,high,name,2026-09-29
563821,snacks,high,name,2026-09-29
564467,deli,low,name,2026-09-29
565656,sweets,high,name,2026-09-29
568392,snacks,high,name,2026-09-29
569679,pantry,high,name,2026-09-29
570348,meat,high,name,2026-09-29
573545,pantry,high,name,2026-09-29
574225,snacks,high,name,2026-09-29
574347,produce,high,name,2026-09-29
579319,dairy,high,name,2026-09-29
579552,produce,low,name,2026-09-29
580417,pantry,high,name,2026-09-29
580650,produce,high,name,2026-09-29
581216,produce,high,name,2026-09-29
581697,pantry,high,name,2026-09-29
582364,cleaning,high,name,2026-09-29
583271,alcohol,high,name,2026-09-29
583841,pantry,high,name,2026-09-29
585171,drinks,high,name,2026-09-29
585878,cleaning,high,name,2026-09-29
585979,health,high,name,2026-09-29
586065,cleaning,high,name,2026-09-29
586250,dairy,high,name,2026-09-29
586777,produce,low,name,2026-09-29
586791,outdoor,high,name,2026-09-29
587371,sweets,high,name,2026-09-29
587668,pantry,high,name,2026-09-29
587834,snacks,high,name,2026-09-29
589068,other,low,name,2026-09-29
589627,cleaning,high,name,2026-09-29
589672,outdoor,high,name,2026-09-29
589776,produce,high,name,2026-09-29
589778,produce,high,name,2026-09-29
591194,pantry,high,name,2026-09-29
592546,baby,high,name,2026-09-29
592547,baby,high,name,2026-09-29
592655,produce,high,name,2026-09-29
593368,cleaning,high,name,2026-09-29
614575,drinks,high,name,2026-09-29
657204,kitchen,high,name,2026-09-29
660944,apparel,high,name,2026-09-29
713160,furniture,high,name,2026-09-29
722573,frozen,high,name,2026-09-29
822162,health,high,name,2026-09-29
872690,produce,high,name,2026-09-29
949150,frozen,high,name,2026-09-29
954013,pantry,high,name,2026-09-29
1022330,appliances,high,name,2026-09-29
1142915,drinks,high,name,2026-09-29
1313100,baby,high,name,2026-09-29
1358897,snacks,high,name,2026-09-29
1391091,snacks,high,name,2026-09-29
1492255,baby,high,name,2026-09-29
1502206,health,high,name,2026-09-29
1564199,furniture,high,name,2026-09-29
1628910,cleaning,high,name,2026-09-29
1641310,toys,high,name,2026-09-29
1710218,dairy,high,name,2026-09-29
1713045,paper,high,name,2026-09-29
1730866,kitchen,high,name,2026-09-29
1740696,apparel,high,name,2026-09-29
1768085,paper,high,name,2026-09-29
1784991,toys,high,name,2026-09-29
1796136,kitchen,high,name,2026-09-29
1796170,furniture,high,name,2026-09-29
1819561,outdoor,high,name,2026-09-29
1819576,appliances,high,name,2026-09-29
1844246,outdoor,high,name,2026-09-29
1851406,toys,high,name,2026-09-29
1851691,toys,high,name,2026-09-29
1872347,outdoor,high,name,2026-09-29
1892285,cleaning,high,name,2026-09-29
1929712,toys,high,name,2026-09-29
1929757,toys,high,name,2026-09-29
1929869,toys,high,name,2026-09-29
1932126,apparel,high,name,2026-09-29
1937905,appliances,high,name,2026-09-29
1939726,apparel,high,name,2026-09-29
1956435,apparel,high,name,2026-09-29
1956440,apparel,high,name,2026-09-29
1958978,drinks,high,name,2026-09-29
1962491,drinks,high,name,2026-09-29
1970113,drinks,high,name,2026-09-29
1984487,frozen,low,name,2026-09-29
1985148,apparel,high,name,2026-09-29
1985280,outdoor,high,name,2026-09-29
1985780,outdoor,high,name,2026-09-29
2006970,apparel,high,name,2026-09-29
2354207,appliances,high,name,2026-09-29
3226803,kitchen,high,name,2026-09-29
3227201,kitchen,high,name,2026-09-29
7771397,apparel,high,name,2026-09-29
7771990,apparel,high,name,2026-09-29
7771991,apparel,high,name,2026-09-29
8523236,furniture,high,name,2026-09-29
