item_no,name_ja,name_en,checked
7878,カークランドシグネチャー イズニー ダブルクリーム ブリー 380g,KS ISIGNY FRENCH BRIE 380g,2026-09-27
10654,茎わかめサラダ 1㎏,SEAWEED SALAD 1kg,2026-09-27
13221,オーガニック卵 10個入,Organic Egg 12ct,2026-09-27
13364,ヤマサ特選醤油 600ml X 2本,Yamasa Premium Soy Sauce 600ml X 2,2026-09-27
14110,水99.9％ふんわりプラスおしりふき 70枚×15個パック (1050枚）,99.9 Water Baby Wipes 70 Wipes X 15packs (1050 sheets),2026-09-27
14280,ヤンバン 韓国海苔30袋入り（エゴマ油＆オリーブ油）,DONGWON Korean Seaweed 30packs (Perilla & Olive oil),2026-09-27
15087,キャンディーハーツグレープ 1.36kg,CANDY HEARTS GRAPE 1.36kg,2026-09-27
15828,ザバス(SAVAS) ミルクプロテイン ココア風味 200ml x 24本,SAVAS Milk Protein Cocoa 200ml x 24,2026-09-27
17002,ニールメッド 鼻洗浄用品 セット,NeilMed Sinus Rinse Set,2026-09-27
17407,ソワニヨン シェーブル プレーン 125g x 2個,SOIGNON CHEVRE PLAIN 125g x 2,2026-09-27
19673,スティックパイナップル,STICK PINEAPPLE,2026-09-27
19674,おやつ熟柿,SEMI DRIED PERSIMMON,2026-09-27
23010,シンハー プレミアム ラガー 330ml x 24 缶,Singha Premium Lager Beer 330 ml x 24 Can,2026-09-27
23456,ふるる冷麺水冷麺 10食,KOREAN COLD NOODLE 10PK,2026-09-27
23510,ハニーグローパイナップル,HONEY GLOW PINEAPPLE,2026-09-27
23571,日東紅茶 塩とライチ 60本入り,Nitto Kocha Salty Lychee 60P,2026-09-27
27043,【第2類医薬品】防風通聖散GOLD-Z 600錠(40日分)　セルフメディケーション税制対象商品,Fat Burning Tablet 600 tablets,2026-09-27
28137,オキシクリーン 5.26kg,Oxiclean Max Efficiency 5.26kg,2026-09-27
28193,ボディワイルド メンズ ストレッチパンツ,BODY WILD Mens Stretch Pants,2026-09-27
28668,【第2類医薬品】麦門冬湯エキス顆粒42包(14日分),Kampo Bakumondoto Extract Granules 42 counts,2026-09-27
30506,牧家 ミックスフルーツラッシー 800g,BOCCA MIX FRUIT LASSI,2026-09-27
30669,バナナ 1.36KG,BANANA 1.36KG,2026-09-27
30804,キャンベル　クラムチャウダー　1.36kg x 2缶,Campbell's Clam Chowder Can 1.36kg x 2P,2026-09-27
30813,ダノンオイコス脂肪0　ブルーベリー 113g x 12,Oikos Blueberry 113g x 12 Count,2026-09-27
31679,UHA おさつどきっ プレミアム塩バター味 65g × 10袋入り,Sweet Potato Chips Premium Salted Butter Flavor 65g x 10 pack,2026-09-27
34914,水99% 手口ふき / ミッキー＆フレンズ 80枚入ｘ15個 (1200枚),99% WATER HAND/MOUTH WIPES,2026-09-27
38057,豆腐のおやつ プリン 100g2連x6,Tofu Pudding (100GX2)X6,2026-09-27
38700,キッチンエイド アルチザン スタンドミキサー 4.8L,KitchenAid Artisan Stand Mixer 4.8L,2026-09-27
39596,フジッコ ミネストローネスープ 200g x 10,Fujicco Minestrone Soup 200g x 10,2026-09-27
40375,ザバス ジュニアプロテイン 840g,SAVAS Junior Protein 840g,2026-09-27
42417,北海道 オーガニック牛乳 1L x 2パック,Hokkaido Organic Milk 1L x 2P,2026-09-27
43392,ビビゴ ビビンバの素 2人前 x 4パック,bibigo Korean Mixed Rice Sauce 4 Pack,2026-09-27
45240,千年屋 おいしいドーナツ 20個入り,Sennenya Delicious Doughnuts 20pc,2026-09-27
45572,揖保乃糸 冷やし中華セット 12食セット,IBONOITO Chilled Noodle Assortment Set 12 servings,2026-09-27
47255,ザバス ソイプロテイン100 ココア味 2000g,SAVAS Soy Protein100 Cocoa 2000g,2026-09-27
47265,ザバス ホエイプロテイン リッチショコラ味 2200g,SAVAS Whey Protein Rich Chocolate 2200g,2026-09-27
48473,桃姫 桃たっぷり梅酒 2L,Plum & Peach Liqueur 2L,2026-09-27
48750,蔵の街 のむヨーグルト 720ml×3本,KURANOMACHI DRNK YGRT 720ml×3,2026-09-27
48992,象印 マルチクッカー EL-CA60-HM,Zojirushi Multicooker EL-CA60-HM,2026-09-27
49881,クロックス バヤ プラットフォーム クロッグ,CROCS BAYA PLATFORM CLOGS,2026-09-27
50008,ガルバーニ マスカルポーネ 500g,GALBANI MASCARPONE 500g,2026-09-27
51319,ネイチャーリパブリック マイルド&モイスチャーアロエジェル 310ml x3,NATURE REPUBLIC Mild & Moist Aloe Vera Watery Gel 310ml x3,2026-09-27
51897,ネスレ ドルチェグスト ジェニオ S PLUS,NESTLE DOLCE GUST GENIO S PLUS,2026-09-27
51982,【第2類医薬品】半夏厚朴湯エキス顆粒(14日分),KAMPO HANGEKOUBOKUTO,2026-09-27
52309,カットしめじ600G,TRIMMED SHIMEJI-MUSHROOM,2026-09-27
53845,根付きリーフレタス3種,3 VARIETY LEAF LETTUCE,2026-09-27
54174,サクラクレパス マット水彩絵の具 15色セット,Sakura Crepas Matte Water Paint 15PC Set,2026-09-27
54201,ティファール ラクラ・クッカー コンパクト電気圧力鍋 CY3511JP,T-fal Pressure Cooker Compact CY3511JP,2026-09-27
54212,【冷凍】アジフライ　850g,Frozen Panko Breaded Mackerel 850g,2026-09-27
54289,花畑牧場 ブラータ 80g x 4,Hanabatake Burrata 80g x 4,2026-09-27
54313,ソーセージパン6個入,SAUSAGE MAYO DOGS 6CT,2026-09-27
54406,カルビー じゃがビー うすしお味 38g × 12袋,Calbee Jagabee Lightly Salted 38g × 12 Pack,2026-09-27
54611,ザバス ミルクプロテイン バナナ風味 200ml×24本,SAVAS Milk Protein Banana 200ml x 24,2026-09-27
55163,米久 粗挽き アップルスモーク フランク 837g,Apple Smoked Frankfurt 837g,2026-09-27
55165,生落花生1KG,FRESH PEANUTS,2026-09-27
55377,サントリー角瓶 2.7L,Suntory Kakubin 2.7L,2026-09-27
55684,"EcoFlow ポータブル電源 デルタプロ３EFDELTAPRO3-JP 容量4,000Wh",EcoFlow DELTA Pro 3 Portable Power Station EFDELTAPRO3-JP,2026-09-27
56367,ビオレ 冷タオル 5本入りｘ3,BIORE COOL BODY TOWEL 15SHEETS,2026-09-27
57519,Xin Chao ライスペーパー 240gｘ3パック,Xin Chao Rice Paper 240gｘ3pack,2026-09-27
57542,【テープ 新生児サイズ】パンパース オムツ はじめての肌へのいちばん (5kgまで) 144枚(72枚×2パック),【Taped NewBorn】Pampers Hadaichi (～5kg) 144p(72p×2),2026-09-27
57543,【テープ Sサイズ】パンパース オムツ はじめての肌へのいちばん (4~8kg) 132枚(66枚×2パック),【Taped S】Pampers Hadaichi (4～8kg) 132p(66p×2),2026-09-27
57554,ブルーベリー510ｇ,BLUEBERRY 510G,2026-09-27
58359,山形はえぬき玄米5ｋｇ,YAMAGATA BROWN RICE 5KG,2026-09-27
58395,ティファール インジニオネオ クックウェア 6点セット,T-fal Ingenio Neo Cookware 6PC Set,2026-09-27
58407,ティファール アクセススチーム イージー DT7140J0,T-FAL Access Steam Easy DT7140J0,2026-09-27
58482,リプトン 水出しアイスティーアソート3種 72個入り,Lipton Cold Brew Tea Bag Assortment 72 packs,2026-09-27
58863,理研インドカレー屋さんの,ONION & CARROT DRESSING,2026-09-27
59320,ゴールドスタンダード 100% ホエイ チョコレート味 2200g,Optimum Nutrition Gold Standard 100% Whey Chocolate 2200g,2026-09-27
59542,フルッテート アイスキャンディアソート 24個入,Frutteto Popsicle ice candy Assort 24 packs,2026-09-27
59729,ダノンオイコス脂肪０　ストロベリー　113gx12,Danone Oikos Strawberry 113g x 12 Count,2026-09-27
59735,ダノンオイコス脂肪０　プレーン　砂糖不使用　113gx12,Danone Oikos Plain Unsweetened 113g x 12 Count,2026-09-27
60251,ダイソン コードレスクリーナー SV33 FF OR マイクロ オリジン,DYSON Cordless Cleaner SV33 FF OR MICRO ORIGIN,2026-09-27
60399,森永アロエ＆ヨーグルト3倍大粒 140g x 12個,Morinaga Big Aloe & Yogurt 140g x 12,2026-09-27
60854,布目 社長のいか塩辛 300g,NUNOME SALTED SQUID 300g,2026-09-27
60934,特選 本麗ロースハムスライス600ｇ(3連),SLICED LOIN HAM 200G X 3,2026-09-27
60987,シェリーズ オリーブアソート 6パック,Shelley's Olive Assort 6 packs,2026-09-27
61308,オイコスプロテインドリンク カカオ 240ml x 12,Danone Oikos Protein Drink Cacao 240ml x 12P,2026-09-27
62299,スクラビングバブル最強トイレスタンプ本体+替7つ,Scrubbing Bubbles Toilet Bowl Stamp Cleaner,2026-09-27
62818,プルムウォン チャプチェ 6-8人前,PULMUONE JAPCHAE 6-8 SERVINGS,2026-09-27
63000,プーマ ソフトライド カーソン ユニセックス,PUMA Unisex Softride Carson,2026-09-27
63070,関口醸造 お醤油屋さんのつけやきせんべい 85枚入り,Sekiguchi Rice Cracker 85 pieces,2026-09-27
63892,ダムラ ソフト キャンディー 2kg,DAMLA SOFT CANDY 2kg,2026-09-27
64334,明治 アポロ 90袋 756g,Apollo Chocolate 90packs 756g,2026-09-27
64775,ミネトンカ ラウンジソックス 3足組,Minnetonka Lounge Sock 3P,2026-09-27
64840,マイプロテイン プロテインドリンク ミルクティ風味 200ml x 24本,MYPROTEIN Ready to Drink Milktea Flavor 200ml x 24packs,2026-09-27
64954,ベルソス 家庭用高速製氷機 VS-HI04BE WH,VERSOS High Speed Home Ice Maker VS-HI04BE WH,2026-09-27
65058,バリラ ペースト アソートセット 3種,Barilla Pesto Assort Set,2026-09-27
65997,栃木県産コシヒカリ 5kg,Tochigi Koshihikari Rice,2026-09-27
66213,たべっ子水族館アソート 25g x 40袋,Tabekko Suizokukan Biscuits Assortment 25g x 40 packs,2026-09-27
66517,興和 キャラクター 入れるフロアクッション 85cm x 85cm x 14cm,CHARACTER FLOOR CUSHION 85cm x 85cm x 14cm,2026-09-27
66621,山本電気 家庭用精米機 道場六三郎監修 匠味米 MB-RC52B/W/R,YDK MICHIBA RICE CLEANER MB-RC52B/W/R,2026-09-27
66734,大豆まるまるおっとうふ 150gｘ8パック,WHOLE SOYBEANS TOFU 150g x 8 packcs,2026-09-27
67870,シャインマスカット 1KG,SHINE MUSCAT GRAPE 1KG,2026-09-27
67892,黒糖ドーナツ棒 700g,BROWN SUGAR DONUT STICK 700g,2026-09-27
68684,エビフライ 800g,PANKO BREADED SHRIMP 800g,2026-09-27
68836,オイコス プロテインドリンク カフェラテ 240ml x 12,Danone Oikos Protein Drink Cafe Latte 240ml x 12P,2026-09-27
68900,わた雪みたいなレアチーズケーキ 8個入り,FLUFFY UNBAKED CHEESECAKE,2026-09-27
69116,ロイヤルレアダム ARTISAN ビールジョッキ 490ml 6個,Royal Leerdam ARTISAN Beer Mug 16.5oz 6PK,2026-09-27
69189,ビオレ 冷ハンディミスト 120ml ＋ 200ml,Biore Cooling Mist 120ml + 200ml,2026-09-27
70162,めんたいマヨネーズ 500g,MENTAIKO MAYONNAISE 500g,2026-09-27
70448,Scoop Away 猫砂 微香タイプ コンプリートパフォーマンス＋ 19kg(4.76kg×4),"Scoop Away Complete Performance Plus, Cat Litter, 19kg(4.76kg×4)",2026-09-27
70464,クールネックリング 4ピース,Cool Neck Ring 4Piece,2026-09-27
70858,ライフオンプロダクツ ペルチェ冷却機能付きファン 2個セット,Life on Products Peltier Handy Fan 2PK,2026-09-27
70876,タコチャンジャ 350g,OCTOPUS CHANJA,2026-09-27
70943,えのき 600G,ENOKI MUSHROOM,2026-09-27
70977,ザバス ホエイプロテイン バナナ味 2200g,SAVAS WHEY PROTEIN Banana 2200g,2026-09-27
71623,マリアーニ プルコギビーフジャーキー 255g,Mariani Bulgogi Beef Jerky 255g,2026-09-27
71647,象印 IH炊飯器 極め炊き 5.5合 NW-VR10-BA,ZOJIRUSHI IH Rice Cooker 5.5cups NW-VR10-BA,2026-09-27
72440,VANISH 衣料用染み抜きスプレー 450ml x 2本,VANISH Stain Remover for Clothes 450mlx 2 CT,2026-09-27
73121,イルキャンティ ドレッシング 380g x 2本,IL CHANTI DRESSING 380g x 2,2026-09-27
73226,キャラクター冷感ブランケット 140 x 200cm サンリオ / ディズニー,Character Cooling Blanket 140x200cm,2026-09-27
73293,ダイソン Airwrap i.d. マルチスタイラー & ドライヤー HS08KP,DYSON Airwrap i.d. Multi-Styler & Dryer HS08KP,2026-09-27
73342,La Costena スライスハラペーニョ 1.8 kg,La Costena Sliced Jalapeno Pepper 1.8 kg,2026-09-27
73401,"EcoFlow ポータブル電源 デルタ３ 1500 容量1,536Wh EFDELTA1500-JP-B-Cbox",EcoFlow Delta3 1500 EFDELTA1500-JP-B-Cbox,2026-09-27
73592,青ねぎ300G,SPRING ONION 300G,2026-09-27
73889,アモス ハロウィーンバケット 1000g,Amos Halloween Bucket 1000g,2026-09-27
74005,ジャックリンクス チキン スティック オリジナル 10袋 x 30g,Jack Link's Chicken Sticks Original 10 x 30g,2026-09-27
74006,ジャックリンクス チキン スティック スモーキーBBQ味 10袋 x 30g,Jack Link's Chicken Sticks Smokey BBQ 10 x 30G,2026-09-27
74007,ジャックリンクス チキン スティック ハラペーニョ味 10袋 x 30g,Jack Link's Chicken Sticks Jalapeno 10 x 30g,2026-09-27
74158,OATSIDE オーツミルク バリスタ 1000ml x 6本,OATSIDE OAT MILK BARISTA 1000ml x 6 packs,2026-09-27
74169,ニンニクの芽150ｇｘ4,GARLIC SCAPES,2026-09-27
74470,WISSOTZKY 紅茶＆ハーブティーセット 120包 木箱入り,WISSOTZKY WOODEN CHEST TEA BAG 120p,2026-09-27
74496,スターバックス クラシックホットココア 850g,STARBUCKS CLASSIC HOT COCOA TIN 850 g,2026-09-27
74736,ティファール 圧力鍋 セキュア トレンディ 6.2L,PRESSURE COOKER 6.2L,2026-09-27
75658,伊藤ハム チーズインミートボール パスタ 400gｘ2袋,CHEESE IN MEATBALLW/PASTA,2026-09-27
75703,エッグタルト12個,EGG TART 12PC,2026-09-27
75828,ザバス ミルクプロテイン ストロベリー風味 200ml × 24本,SAVAS Milk Protein Strawberry 200ml x 24,2026-09-27
75892,ミルクレープロールケーキ 1kg,Mille Crepe Roll Cake,2026-09-27
76433,Salts & Co. エプソムバスソルト 5.0kg,EPSOM BATH SALT 5.0kg BAG,2026-09-27
76516,ドクターシーラボ アクアコラーゲンゲルエンリッチリフトEX 100g x 2,DR.CI:LABO Aqua Collagen Gel Enrich Lift EX 100g x 2,2026-09-27
76575,【第2類医薬品】アレジオン20 48錠 セルフメディケーション税制対象商品,Alesion 20 48 count,2026-09-27
76622,ハクスリー ハンドクリーム 30mL x 3,Huxley Hand Cream 30mL x 3,2026-09-27
76920,AppleCare+ Headphones Airpods Pro 3用,AppleCare+ Headphones Airpods Pro 3,2026-09-27
77295,ダイソン Supersonic r™ ヘアドライヤー HD17,Dyson Supersonic r™ Hair Dryer HD17,2026-09-27
77410,インスタ360 X5 360° アクション カメラ オリジナルバンドル,INSTA360 X5 BUNDLE,2026-09-27
77430,カゴメ野菜生活シャインマスカット 195ml x 24本,KAGOME SHINE MUSCUT 195ml x 24,2026-09-27
77578,オキシクリーン パワーリキッド クラブ パック 600ml 本体 + 900ml x 2 詰め替え,OxiClean Power Liquid Club Pack,2026-09-27
77765,スターバックス オリガミアイスコーヒーブレンド 20袋,STARBUCKS ORIGAMI ICE COFFEE BLEND 20P,2026-09-27
77954,スキンアクア トーンアップ UV エッセンス 2パック,SKIN AQUA TONE UP UV ESSENCE 2 PACKS,2026-09-27
78118,シャーク コードレススティッククリーナー EVOPOWER SYSTEM FIT+ LC153JIV,Shark Cordless Stick Cleaner EVOPOWER SYSTEM FIT+ LC153JIV,2026-09-27
78147,コストコ キャラクター ショッピングバッグ 3枚パック,Costco Characters Shopping Bags 3 Pack,2026-09-27
78605,クロテッドクリーム チェリー 170G,CLOTTED CREAM CHERRY,2026-09-27
78844,キッズキャンピングセット テント 寝袋入り,LICENSED KIDS CAMPING SET W/Sleeping Bag,2026-09-27
78929,青森県産はれわたり 5kg,AOMORI HAREWATARI 5kg,2026-09-27
79310,HOT 6 エナジードリンク オリジナル 250ml x 30缶,HOT 6 Energy Drink Original 250ml x 30 Cans,2026-09-27
79315,Apple AirPods Pro 3,APPLE AirPods Pro 3,2026-09-27
79333,ザバス マッスルエリート ココア味 2100g,SAVAS MUSCLE ELITE 2100g,2026-09-27
79682,ライフェン SE Lite ヘアドライヤー,Laifen SE Lite Hair Dryer,2026-09-27
80552,アース コバエ 1プッシュ式スプレー 2本,FRUIT FLY 1 PUSH SPRAY 2P,2026-09-27
80953,シアッチョッ500G,SEASONED SEAFOOD W/ NUTS,2026-09-27
81144,ズートピアぬいぐるみ 50cm 人気 3 キャラクター,Zootopia 50cm Plush 3 Character,2026-09-27
81368,キャスキッドソン ボディバター 3個,Cath Kidston Body Butter 3P,2026-09-27
81676,ハミングフレア アーバンフローラル 衣料用柔軟剤 詰替 2800ml,HUMMING FLAIR Fabric Softener Urban Floral Scent 2800ml,2026-09-27
81762,パンどろぼう フロアクッション 56cm x 100cm,PAN DOROBO FLOOR CUSHION,2026-09-27
81827,大山乳業 白バラ牛乳 1L x 2,Daisen Shirobara Milk 1L x 2,2026-09-27
81828,大山乳業 白バラコーヒー 1L x 2,Daisen Shirobara Coffee 1L x 2,2026-09-27
81938,ペンドルトン アウトドア ブランケット 182 x 182cm,Pendleton Outdoor Blanket 72x72 inch,2026-09-27
81987,キャンパーズ アドベンチャー ポップアップ サンシェード テント L,POP UP SUN SHADE TENT L,2026-09-27
82287,イタリアン パフ ペイストリー 600g,ITALIAN PUFF PASTRY 600g,2026-09-27
82374,ディズニー キッズコスメセット 18個入り,Disney Kids Cosmetic 18PC,2026-09-27
82530,スワニー スポーツアームスリーブ 2個セット,SWANY SPORTS ARM SLEEVE 2pcs,2026-09-27
82671,大進 ひんやり気化冷却ファンベスト DEC-5VF,DAISHIN Evaporative Cooling Fan Vest DEC-5VF,2026-09-27
82786,パンパース さらさらケアEXパンツ Lサイズ (9-14kg) 180枚 (60枚x3パック),Pampers Sarasara EX Pants L 180 Diapers,2026-09-27
82850,千葉産ふさこがね 5KG,CHIBA FUSAKOGANE RICE,2026-09-27
82855,ディズニー ぬいぐるみ バッグ 全5種,Disney Plush Bag,2026-09-27
82916,ザ・そうめんスライダー,The Somen Slider,2026-09-27
82921,ヨーロッパスタイル ハードロールパン 4個,EUROPEAN CRUSTY ROLLS 4CT,2026-09-27
83053,星のカービィ ぬいぐるみ 70cm,Kirby of the Star 70cm,2026-09-27
83200,arFUM アフューム プレミアム柔軟剤 ジンジャーフラワー 衣料用柔軟剤 ジンジャーフラワーの香り 本体1L + 替1.7 L,arFUM Premium Fabric Softener Ginger Flower Scent 1L Bottle + 1.7L Refill,2026-09-27
83493,トリコロール フェットチーネ 1.1kg,TRICOLOUR FETTUCCINE,2026-09-27
83520,レコルト フードプロセッサーコンボ RCP-6(W),rècolte Food Processor RCP-6(W),2026-09-27
83620,mofusand 大きなぬいぐるみ,mofusand Large-Size Plush,2026-09-27
83661,ポカリスエットパウダー 66g x 25袋 (1L用),Pocari Sweat Powder 66g x 25CT (1L),2026-09-27
83702,GEEK 大風量BLDCモーター ヘアドライヤー,GEEK BLDC Power Dryer,2026-09-27
83710,ティファール エクストラ ロック 1.8L,T-fal Extra Lock Kettle 1.8L,2026-09-27
84260,明太チーズいももち,CHEESE & SPYCY POLLACK,2026-09-27
84266,ネスプレッソ イニッシア スペシャルパック,NESPRESSO INISSIA Special pack,2026-09-27
84469,YAMAZEN 移動式スポットクーラー 1.4/1.6kW YEC-T16 (W),YAMAZEN Spot cooler 1.4/1.6kW YEC-T16 (W),2026-09-27
84470,リンツ リンドール ゴールド アソート 450g,Lindt Lindor Gold Assorted 450g,2026-09-27
84472,リンツ リンドール ダーク アソート 450g,Lindt Lindor Dark Assorted 450g,2026-09-27
84500,arFUM アフューム 香りビーズ マリンブリーズ マリンノートとフレッシュムスクの香り 1830ml 1kg,arFUM Scent Booster Marine Breeze Marine notes & Flesh musk 1830ml(1kg),2026-09-27
84552,爽健美茶 600ml x 24本,SOKEMBICHA Blend Tea 600ml x 24 Pet Bottle,2026-09-27
84553,コストコ キャラクター ショッピングバッグ 3枚パック,Costco Characters Shopping Bags 3 Pack ver.2,2026-09-27
84603,サボリーノ 朝用マスク しっとりタイプ 32枚 x 2パック,Saborino Morning All in one Mask Moist 32 Sheets x 2 Pack,2026-09-27
84739,インスタ360 GO ULTRA スペシャルバンドル,INSTA360 GO ULTRA BUNDLE,2026-09-27
84779,LAVONS 衣料用柔軟剤 シャイニームーンの香り 詰替え1920ml x 2,LAVONS Laundry Softener Shiny Moon Scent Refill 1920ml x 2CT,2026-09-27
84822,フェレロ ヌテラ アンド ゴー! 52g x 16個,Ferrero nutella & GO! 52g x 16,2026-09-27
84823,JINNY PICK 韓国のりチップス & えびせん 各5袋 10袋パック,JINNY PICK Korean Chips Mix Box 10PK,2026-09-27
84883,島原手延素麺 1kg,SHIMABARA SOMEN NOODLE,2026-09-27
85081,ディズニー キッズビューティーセット,Disney Kids Beauty Set,2026-09-27
85113,トフィー コンパクト電動かき氷器 K-IS13-PA4P,TOFFY ELEC SHAVED ICE MAKER K-IS13-PA4P,2026-09-27
85799,川田製麺 讃岐ざるうどん 400g x 4,Kawada Seimen Sanuki Udon 400g x 4,2026-09-27
85857,エレス ハイブリッドネックファン IF-COIC26CWH,ELAICE HYBRID NECK FAN IF-COIC26CWH,2026-09-27
86026,タレ漬け牛ハラミ250GX2,MARINATED SKIRT STEAK500G,2026-09-27
86146,カクタシー エアー キューブ フライヤー CT-AF4067CW,CACTUSY Air Cube Fryer CT-AF4067CW,2026-09-27
86171,"EcoFlow ポータブル電源 DELTA３ 2000 Air 容量 1,920Wh",EcoFlow Delta3 2000 Air,2026-09-27
86201,ファブリーズ レノアハピネスミスト 衣類・布製品用消臭スプレー 消臭・除菌　本体370ml + 詰替 610ml x 2,Febreze Lenor Happiness Mist 370ml + Refill 610ml x 2,2026-09-27
86230,Salts&CO. エプソム バスソルト 5kg,EPSOM BATHSALT 5kg BUCKET,2026-09-27
86613,SPICY BITE-SIZED STEAK,SPICY BITE-SIZED STEAK,2026-09-27
86705,スクラビングバブル 超強力トイレクリーナー 650g x 6本,Scrubbing Bubbles Toilet Bowl Cleaner 650g x 6,2026-09-27
86830,大人むけのスープ 冷たいコーンポタージュ 6袋 / ヴィシソワーズ 6袋,Heinz Cold Corn potage and Potato vichyssoise assort pack,2026-09-27
87116,秋植え球根 各種,Fall Bulbs Assort,2026-09-27
87122,ウルトラ ホエイ プロテイン 810g 抹茶ラテ風味,ULTORA Whey Protein 810g Matcha Latte,2026-09-27
87228,アクエリアス ORS 500ml 24本,AQUARIUS ORS 500ml 24 Count,2026-09-27
87265,ザバス ホエイプロテイン ストロベリー味 2200g,SAVAS Whey Protein Strawberry 2200g,2026-09-27
87379,Q10 LEMON DRINK 100G X12,Q10 LEMON DRINK 100G X12,2026-09-27
88104,美酢 (ミチョ) 梨 800ml x 2,CJ MICHO PEAR 800ml x 2,2026-09-27
88188,Ecoflow 220W 軽量両面ソーラーパネル EFSOLARLIGHT220W-P-D-XT-4,Ecoflow Light Solar Panel 220W EFSOLARLIGHT220W-P-D-XT-4,2026-09-27
88305,スクラビングバブル 流せるトイレブラシ 本体 + 付け替えブラシ52個,Scrubbing Bubbles Flushable Toilet Brush + Refill 52 pcs,2026-09-27
88417,彩色美味 秋田県産あきたこまち 5kg,Akita Komachi Rice 5kg,2026-09-27
88491,ダノンビオ　ご褒美フルーツセレクション,DANONE BIO FRUIT SELECTION,2026-09-27
88524,ハリボー ハリー・ポッターボックス 900g,HARIBO HARRY POTTER BOX,2026-09-27
88718,レノア アロマジュエル HOTEL お洗濯の香り付けビーズ ホワイトムスクの香り 本体 1860ml,Aromajewel White Musk 1860ml,2026-09-27
88726,長﨑堂 ヴァッフェル 10個,Nagasakido Waffeln 10PC,2026-09-27
88815,トイストーリー エイリアン 50cm,Toy Story Alien 50cm,2026-09-27
88864,トイストーリー レックス 80cm,Toy Story Rex 80cm,2026-09-27
88880,国産鶏肉ももサドルパック,DOMESTIC CHICKEN LEG&THIGH,2026-09-27
88881,国産鶏肉むねサドルパック,DOMESTIC CHICKEN BREAST,2026-09-27
88901,にゃんじゃらし 猫ちゃんセレクション ロング 2種 x ショート 2種,"CAT TEASER WITH WAND LONG X2, SHORT X2",2026-09-27
89035,ゴディバ ラングドシャクッキーアソートメント ショコラ&ブラン 30枚,GODIVA Cookie Milk Chocolate & Blanc 30 peaces,2026-09-27
89081,象印 スチーム式加湿器 2.2L EE-RU35-WA,ZOJIRUSHI Humidifier Steam Type 2.2L EE-RU35-WA,2026-09-27
89082,象印 スチーム式加湿器 3.0L EE-RV50-WA,ZOJIRUSHI Humidifier Steam Type 3.0L EE-RV50-WA,2026-09-27
89331,サンリオ キッズコスメ アドベントカレンダー,Sanrio Kids Cosme Advent Calendar,2026-09-27
89680,NUTO ソイプロテイン 2000g ココア / ストロベリー,NUTO SOY PROTEIN 2000g,2026-09-27
89997,UHA 塩分レスキュータブレット 940g,UHA Salt Charge Tablets 940g,2026-09-27
90054,三元豚ロースとんかつ,CANADA PORK LOIN TONKATSU,2026-09-27
90057,三元豚ロースしゃぶしゃぶ,CANADA PORK LOIN SHABU,2026-09-27
90198,エビチリ,SHRIMP IN CHILI SAUCE,2026-09-27
90232,シュリンプアボカドハイローラー,SHRIMP AVOCADO HYE ROLLER,2026-09-27
90252,千年屋 ふんわり しっとり すてぃっくわっふる ミルクティー16個入り,Sennenya Stick Waffle Milk tea 16 pieces,2026-09-27
90711,キャンベル クラムチャウダー 1360g,CAMPBELLS CLAM CHOWDER 1360g,2026-09-27
91388,不二家 カントリーマアムミニ (バニラ) 50g x 10袋,Fujiya Country Ma'am Mini Vanilla Flavor 50g x 10,2026-09-27
91389,不二家 ホームパイミニ 47g x 10袋,Fujiya Home Pie Mini 47g x 10,2026-09-27
92048,チュッパチャプス フラワーブーケ 12本,Chupa Chups Flower Bouquet 12PC,2026-09-27
92066,Apple / AirPods 5 ワイヤレス充電ケース付き,Apple / AirPods 5 with Wireless Charging Case,2026-09-27
92840,和栗1.3ｋｇ,Chestnuts 1.3kg,2026-09-27
93111,カスタードシュークリーム 6個入,Custard Choux Cream 6PC,2026-09-27
93512,ミニドーナツ20個入,MINI DONUTS 20PC,2026-09-27
93520,シャインマスカット大福12個入,Shine Muscat Daifuke 12PC,2026-09-27
93764,雑穀クルミロール24個入,Mixed Grain Walnut Rolls 24PC,2026-09-27
93933,マスカルポーネロール 24個入,Mascarpone Roll 24pc,2026-09-27
94142,しらす干し,DRIED YOUNG SARDINES,2026-09-27
94490,刺身用生アトランティックサーモンフィレ,ATLANTIC SALMON FILLET,2026-09-27
94574,サーモン握り寿司24貫,SALMON SUSHI 24 CT.,2026-09-27
95122,刺身用ホタテ貝柱,PREVIOUSLY FROZEN SCALLOP,2026-09-27
95183,活〆黒瀬ぶりさく,FARMED YELLOWTAIL LOIN,2026-09-27
95288,ハワイアンサーモンポキ,HAWAIIAN SALMON POKE,2026-09-27
96069,6種の具材のポテトサラダ,POTATO SALAD,2026-09-27
98725,牛挽肉 赤身85%,BEEF GROUND 85% LEAN,2026-09-27
99559,三元豚切り落とし,CANADA PORK STIR FRY,2026-09-27
109764,カラカラオレンジ2.27KG,CARA CARA ORANGE,2026-09-27
123588,ベビーキウイ,BABY KIWI,2026-09-27
350086,グラッド ストレージフードラップ 43m x 3本,Glad Storage Food Wrap 43m x 3CT,2026-09-27
403129,ザロッティ アンチョビフィレ 230g,ANCHOVIES FILLETS 230g,2026-09-27
502957,カルビー ポテトチップス うす塩味 472g,Calbee Potato Chips Light Salted 472g,2026-09-27
533555,ジーマ 275 ml X 24 ボトル,Zima 275 ml X 24 bottle,2026-09-27
550001,だいこん1本,DAIKON RADISH,2026-09-27
550004,ラディッシュ500ｇ,RADISH 500 G,2026-09-27
550062,キャベツ1玉,JAPANESE CABBAGE 1COUNT,2026-09-27
550164,アスパラガス450ｇ,ASPARAGUS,2026-09-27
550350,じゃがいも 3kg,POTATO 3kg,2026-09-27
550357,カルビーじゃがいも 3kg,CALBEE POTATO 3kg,2026-09-27
550440,雪国えりんぎ500ｇ,ERYNGII MUSHROOM,2026-09-27
550868,なし1.8ｋｇ,PEAR 1.8ｋｇ,2026-09-27
551130,マンゴスチン680ｇ,MANGOSTEEN,2026-09-27
552000,オーガニックバナナ1.36ｋｇ,ORGANIC BANANA,2026-09-27
553363,雪印 鉄分のむヨーグルト 190g x 9,YOGURT DRINK PRUNE FLAVOR 190ｇ x 9,2026-09-27
563821,ブルックサイド ダークチョコレート アサイー ブルーベリー 907g,Brookside Dark Chocolate Acai Blueberry 907g,2026-09-27
568392,カルビー じゃがりこ サラダ味 57g × 12個,Calbee Jagarico 12 pack,2026-09-27
570348,サルシッチャ ガーリックソーセージ 720g,Salsiccia Aglio Premiata Sausage 720g,2026-09-27
573545,北海道産ななつぼし 10kg,HOKKAIDO NANATSUBOSHI 10kg,2026-09-27
574225,キシリトール ライムミント ガム 290g,XYLITOL Lime Mint Gum 290g,2026-09-27
574347,洋梨 2ｋｇ,PEAR 2ｋｇ,2026-09-27
579319,アテナ ギリシャヨーグルト 1kg,Athena Greek Yogurt 1kg,2026-09-27
579552,たまご MS-LL サイズ 20個入り,Eggs MS-LL Size 20 count,2026-09-27
580650,きゅうり国産8本,CUCUMBER 8ct,2026-09-27
581697,ケロッグ 素材まるごとグラノラ 脂質70%オフ 香るフルーツ 1kg,Kelloggs Fruit Granola Lowfat 1kg,2026-09-27
582364,ユニットバスボンくん 抗菌 お風呂クリーナーブラシ,Bathbon-kun Bathroom Brush,2026-09-27
583271,サントリーウィスキー知多 700ml,Suntory Whisky The Chita,2026-09-27
583841,内堀醸造 臨醐山黒酢 900ml,Black Vinegar 900ml,2026-09-27
585878,KYK クリアウォッシャー 5L,KYK Clear Washer 5L,2026-09-27
586065,フィニッシュ タブレット 5g x 150粒,Finish Tablet 5g x 150 Count,2026-09-27
586250,北海道特選牛乳 1L x 2パック,Hokkaido Premium Whole Milk 1L x 2P,2026-09-27
587371,牧家 白いプリン 75g x 6個,BOCCA MILK PUDDING 75g x 6,2026-09-27
587668,NUTTELEX オリーブオイル入りスプレッド バター風味 1kg,NUTTELEX Olive Oil Spread with Butter Flavor 1Kg,2026-09-27
587834,フェレロ ラファエロ 15個 x 2箱,FERRERO Raffaello 15 Piece x 2 Boxs,2026-09-27
589627,浜松市指定 家庭用ごみ袋 45L x 50,Hamamatsu City Trash Bag 45L x 50,2026-09-27
591194,ユッケジャンカップラーメン12個入,YUKGAEJANG NOODLES 12P,2026-09-27
592546,Aprica ニオイポイ 本体+カセット1個,Aprica Nioipoi Main unit + 1 Cartridge,2026-09-27
592547,Aprica NIOI-POI カセット6個パック,Aprica Nioipoi Cartridge 6PK,2026-09-27
593368,フィニッシュ パウダー 2.2kg,Finish Powder 2.2kg,2026-09-27
614575,スターバックス ブレックファーストブレンド (豆) 1.13kg,STARBUCKS BREAKFAST BLEND WHOLE BEAN 1.13kg,2026-09-27
660944,FREEWORLD リカバリー サンダル,FREEWORLD Unisex Recovery Sandal,2026-09-27
713160,カークランドシグネチャー マイクロファイバータオル イエロー 36枚,Kirkland Signature Microfiber Towel Yellow 36 PC,2026-09-27
722573,【冷凍】カークランドシグネチャー ブルーベリー 2.27kg,Frozen Kirkland Signature Blueberries 5lb,2026-09-27
822162,国産 無添加 100% オーガニック 青汁 3g x 162包入 ＜山本漢方製薬＞,100% Pure Organic Young Barley Green Powder 3g x 162 Count,2026-09-27
872690,ルビーグレープフルーツ 2.5kg,RUBY GRAPEFRUITS 2.5kg,2026-09-27
954013,カークランドシグネチャー チキン缶 354g x 6,Kirkland Signature Canned Chicken 354g x 6,2026-09-27
1022330,デュラセル　ウルトラ単4電池　20本,DURACELL Ultra AAA Battery 20Pack,2026-09-27
1142915,サンバゾン オリジナルアサイースムージー 1.89L,SAMBAZON ORGANIC ACAI SMOOTHIE 1.89L,2026-09-27
1313100,カークランドシグネチャー 大判厚手 おしりふき 900枚入 (100 x 9個),KS BABY WIPE 900 WIPES,2026-09-27
1358897,カークランドシグネチャー 電子レンジ用ポップコーン 44袋 4.1kg,Kirkland Signature Microwave Popcorn 44 count 4.1kg,2026-09-27
1492255,RICO 赤ちゃん用 おしりふき 900枚,RICO BABY WIPES 900CT,2026-09-27
1502206,オルゲイン オーガニックプロテイン スーパーフードミックス チョコレートファッジ風味 1.2㎏,Orgain Organic Protein Superfood Mix Chocolate Fudge Flavor 1.2kg,2026-09-27
1710218,カークランドシグネチャー スライスフレッシュモッツァレラチーズ 1kg,KIRKLAND SIGNATURE FRESH MOZZARELLA SLICE 1kg,2026-09-27
1713045,カークランドシグネチャートイレットペーパー 2枚重ね 30ロール,Kirkland Signature Bath Tissue 30 Rolls,2026-09-27
1730866,サーモフラスク 真空断熱ステンレスボトル 0.71L 2本セット,Thermoflask Stainless Bottle 24oz 2 Pack Set,2026-09-27
1740696,スイスミリタリー スーツケース 38.5L 機内持ち込みサイズ SM-C920,SWISSMILITARY Suite case 38.5L Carry On SM-C920,2026-09-27
1768085,カークランドシグネチャー ペーパータオル 12ロール,Kirkland Signature Paper Towel 12 Rolls,2026-09-27
1784991,ディズニープリンセス / アナと雪の女王 ヘアケアセット,Disney Princess / Frozen Doll & Hair Play Set,2026-09-27
1796136,サーティファイド ボウル ボタニカル柄 10pc,Porcelain Bowls Botanical 4.75 10pc,2026-09-27
1796170,ペンドルトン 大判ひざ掛け リバーシブル 127cm x 177cm,PENDLETON Reversible Plush Throw 127cm x 177cm,2026-09-27
1819561,デュラセル 3000ルーメン 3WAY 電源 LEDランタン,DURACELL HYBRID LANTERN,2026-09-27
1819576,カメリオン ライト付キャンプ ファン 3段階調節,CAMELION CAMP FAN LIGHT,2026-09-27
1844246,マックスポーツ 折り畳みワゴンXL　ブラック/グレー,Mac Sports Folding Wagon XL with Brakes Black/Gray,2026-09-27
1851406,ライセンス コレクターズ パズル 4個パック,4 Pack Licensed Puzzle,2026-09-27
1851691,ステップツー トロピカルスプラッシュウォーターパーク,Step2 Tropical Splash Waterpark,2026-09-27
1892285,カークランドシグネチャー ウルトラパック 洗濯洗剤 140粒,Kirkland Signature Ultra Clean Packs Laundry Detergent 140 CT,2026-09-27
1929712,コストコテディベア ぬいぐるみ,Costco Teddy Bear,2026-09-27
1929757,ファグラー キーホルダー 12個 セット,Fuggler Figures 12pk Keychain,2026-09-27
1929869,ディズニープリンセス 動物ケアキッド,Disney Princess Animal Nurturing Care Sets,2026-09-27
1932126,コストコ キャンバス トートバッグ 2個セット,COSTCO Canvas Tote Bags,2026-09-27
1937905,ARTIKA ファンデリア サニーベール シーリングファンライト 23インチ,Artika Fandelier Sunnyvale Ceiling Fan Light 23inch,2026-09-27
1962491,Love Me Sweet ハニーレモネード 1.2L x 2,Love Me Sweet Honey Lemonade 1.2L x 2,2026-09-27
1970113,DON SIMON オレンジジュース 4L,DON SIMON 100% SQUEEZED ORANGE JUICE 1L x 4,2026-09-27
1985148,スイスミリタリー 24インチ 66L,SWISS MILITARY 24INC 66L,2026-09-27
1985280,コールマン 13 x 13 キャノピー,COLEMAN 13 X 13 CANOPY,2026-09-27
2006970,プーマ メンズ アイルミネ C,PUMA Mens Ilumine C,2026-09-27
3226803,オーバー アンド バック エブリデイ ディナーウェア 16点セット,over and back Everyday Dinnerware 16pc,2026-09-27
3227201,ストウブ ラウンドココット 24cm ブラック／カンパーニュ トリベット(鍋敷き)付き,STAUB ROUND COCOTTE 24CM Black / Campagne,2026-09-27
7771397,カークランドシグネチャー メンズ 水着ショーツ,Kirkland Signature Men's Swim Short,2026-09-27
7771990,カークランドシグネチャー ユニセックス コストコロゴ クルーネック スウェットシャツ,Kirkland Signature Unisex Costco Logo Crewneck Sweatshirt,2026-09-27
7771991,カークランドシグネチャー ユニセックス コストコロゴ スウェットパンツ,Kirkland Signature Unisex Costco Logo Sweat pants,2026-09-27
8523236,Zoobies アニマル クーリング クッション,Zoobies Animal Cooling Cushion,2026-09-27
