terms,note
卵|たまご|玉子|エッグ|egg|雞蛋,
牛乳|ミルク|milk|牛奶|鮮奶,
ヨーグルト|yogurt|優格|優酪乳,
チーズ|cheese|起司|乳酪,
バター|butter|奶油,
鶏肉|チキン|chicken|雞肉,
豚肉|ポーク|pork|豬肉,
牛肉|ビーフ|beef,
サーモン|鮭|salmon|鮭魚,
エビ|海老|シュリンプ|shrimp|蝦子|蝦,
アボカド|avocado|酪梨,
ブルーベリー|blueberry|藍莓,
いちご|苺|ストロベリー|strawberry|草莓,
バナナ|banana|香蕉,
ベーグル|bagel|貝果,
クロワッサン|croissant|可頌,
ティラミス|tiramisu|提拉米蘇,
ケーキ|cake|蛋糕,
コーヒー|珈琲|coffee|咖啡,
お米|ライス|rice|白米,不要加單字「米」（會誤配米国産）
トイレットペーパー|toilet paper|bath tissue|衛生紙|捲筒衛生紙,
ペーパータオル|キッチンペーパー|paper towel|廚房紙巾,
おしりふき|baby wipes|wipes|濕紙巾,
ゴミ袋|garbage bag|垃圾袋,
洗濯洗剤|laundry detergent|ジェルボール|洗衣精|洗衣球,
柔軟剤|softener|柔軟精,
プロテイン|protein|高蛋白|蛋白粉,
カークランドシグネチャー|カークランド|kirkland|科克蘭,不要加 KS（2 個字母會誤配 packs 等英文）
冷凍|frozen|冷凍食品,
ワイン|wine|葡萄酒|紅酒,
ビール|beer|啤酒,
ジャーキー|jerky|肉乾,
ナッツ|nuts|堅果,
チョコレート|チョコ|chocolate|巧克力,
アイスクリーム|アイス|ice cream|冰淇淋,
ポップコーン|popcorn|爆米花,
オリーブオイル|olive oil|橄欖油,
ハロウィン|ハロウィーン|halloween|萬聖節,
扇風機|サーキュレーター|電風扇|循環扇,
ヒーター|ストーブ|heater|暖爐|電暖器,
イヤホン|earphones|airpods|耳機,
おむつ|diaper|尿布,
プルコギ|bulgogi|韓式烤肉,
ピザ|pizza|披薩,
パスタ|pasta|義大利麵,
ジュース|juice|果汁,
水着|swim|泳衣|泳褲,
タオル|towel|毛巾,
モッツァレラ|モッツアレラ|mozzarella|莫札瑞拉,
